Designator,Mid X,Mid Y,Rotation,Layer
12VLED101,81.6,-133.9,0.0,top
3V3LED101,111.135,-162.9,180.0,top
C101,95.801992,-129.651992,135.0,top
C102,99.839411,-132.539411,225.0,top
C103,97.160589,-131.089411,45.0,top
C104,112.5,-122.95,180.0,top
C105,97.75,-131.8,45.0,top
C106,99.139411,-131.239411,135.0,top
C107,98.2,-129.55,225.0,top
C108,97.45,-128.95,225.0,top
C109,107.0,-134.4,270.0,top
C110,111.9,-127.4,270.0,top
C111,102.1,-124.7,90.0,top
C112,99.55,-124.4,315.0,top
C113,96.75,-127.15,135.0,top
C114,112.45,-121.6,180.0,top
C115,114.8,-104.2,0.0,top
C201,100.4,-141.0,180.0,top
C202,103.1,-140.8,0.0,top
C203,97.7,-149.8,270.0,top
C301,97.905,-137.530001,90.0,top
C302,97.664998,-140.430001,270.0,top
C303,91.3,-137.2,90.0,top
C304,91.3,-140.2,270.0,top
C305,92.8,-137.2,90.0,top
C306,92.8,-140.2,270.0,top
C307,82.6,-137.2,270.0,top
C308,81.6,-137.2,270.0,top
C401,82.824999,-120.7,180.0,top
C402,84.1,-125.3,270.0,top
C403,83.1,-125.3,270.0,top
C404,87.167499,-120.470001,180.0,top
C405,88.98,-122.2,0.0,top
C406,80.1,-122.25,270.0,top
C407,86.4,-124.4,180.0,top
C408,86.6,-125.9,180.0,top
C409,86.6,-127.9,180.0,top
C410,87.85,-134.8,0.0,top
C411,88.25,-133.6,0.0,top
C501,84.5,-156.2,180.0,top
C502,91.6,-160.8,180.0,top
C503,89.7,-160.8,180.0,top
C504,87.8,-160.8,180.0,top
C505,98.6,-160.7625,180.0,top
C506,96.7,-160.7625,180.0,top
C507,94.8,-160.7625,180.0,top
C508,100.15,-158.65,90.0,top
C509,93.35,-158.58,90.0,top
C510,84.5,-160.4,0.0,top
C511,93.4,-153.5,270.0,top
C512,100.2,-153.4625,270.0,top
C513,88.8,-143.3,270.0,top
C514,89.8,-143.3,90.0,top
C515,90.8,-143.3,270.0,top
C516,86.5,-145.1,225.0,top
C517,87.0,-150.199998,315.0,top
C518,86.5,-147.152997,135.0,top
C601,101.25,-121.95,270.0,top
C602,106.35,-121.75,270.0,top
C606,108.7,-121.25,180.0,top
C607,102.5,-121.65,90.0,top
C608,88.625001,-109.35,180.0,top
C609,88.6,-111.7,180.0,top
C610,90.2,-105.25,180.0,top
C611,110.8,-112.3,0.0,top
C612,111.3,-114.2,0.0,top
C613,102.08,-109.6,180.0,top
C614,99.5,-109.6,180.0,top
C615,104.9,-109.6,180.0,top
C616,111.3,-119.0,180.0,top
C617,111.28,-116.6,180.0,top
C618,113.2,-108.6,180.0,top
C701,106.5,-108.1,45.0,top
C702,108.5,-109.59,0.0,top
CANRXLED101,98.2,-143.385,270.0,top
CANTXLED101,104.6,-143.2,270.0,top
D201,102.7,-152.4,315.0,top
D801,108.2,-137.0,270.0,top
IC401,86.3,-122.449999,0.0,top
IC402,86.8,-131.0,270.0,top
IC501,89.6,-146.4,0.0,top
J101,114.225,-151.999999,270.0,top
J501,96.65,-167.3475,270.0,top
J502,89.649999,-167.365,270.0,top
J503,82.65,-167.365,270.0,top
J504,77.935,-143.85,180.0,top
J505,77.935,-150.85,180.0,top
J506,105.4,-166.36,270.0,top
J801,113.525,-137.8,90.0,top
JP101,115.190001,-122.239999,180.0,top
JP102,115.2,-128.645,0.0,top
JP201,97.9,-147.875,270.0,top
L101,98.4,-132.5,45.0,top
L102,99.2,-127.9,135.0,top
L301,95.365,-135.430002,180.0,top
L401,83.45,-116.4,0.0,top
LED801,114.3,-143.7,180.0,top
P101,81.661,-108.077,180.0,bottom
P102,97.5,-105.4,180.0,bottom
P701,85.466,-83.302,90.0,top
P702,97.75,-83.0,90.0,top
P703,110.956,-83.1,90.0,top
Q701,85.46,-92.25,180.0,top
Q702,84.9,-94.263365,0.0,bottom
Q703,97.917,-93.785055,180.0,top
Q704,97.917,-94.047945,0.0,bottom
Q705,110.97,-93.938595,180.0,top
Q706,110.5,-94.062945,0.0,bottom
R101,112.490001,-124.25,0.0,top
R102,109.239726,-125.736662,0.0,top
R103,104.6,-145.1,90.0,top
R104,98.2,-145.3,90.0,top
R105,111.085,-161.45,90.0,top
R106,112.890001,-126.409999,270.0,top
R107,109.249725,-124.736662,180.0,top
R108,83.05,-134.4,90.0,top
R109,110.56,-120.65,0.0,top
R110,112.45,-120.65,180.0,top
R111,113.85,-103.1,180.0,top
R112,114.8,-105.15,0.0,top
R201,104.900001,-147.575,90.0,top
R202,102.925,-149.8,0.0,top
R203,99.875,-149.8,0.0,top
R301,99.8,-137.1,180.0,top
R302,95.464999,-141.330002,0.0,top
R303,82.6,-139.090001,270.0,top
R304,81.2,-139.68,180.0,top
R401,83.6,-123.9,180.0,top
R402,83.599999,-122.9,180.0,top
R403,82.999999,-121.9,0.0,top
R404,88.3,-124.45,0.0,top
R405,89.000001,-123.199999,180.0,top
R406,85.327499,-120.480001,0.0,top
R407,84.5,-133.6,0.0,top
R408,86.4,-133.6,0.0,top
R501,82.2,-155.3,0.0,top
R502,84.7,-154.7,180.0,top
R503,90.790001,-161.8,180.0,top
R504,88.590001,-161.8,180.0,top
R505,97.9,-161.7625,180.0,top
R506,95.4,-161.7625,180.0,top
R507,83.0,-161.74,180.0,top
R508,84.4,-143.1,225.0,top
R509,84.999997,-152.2,315.0,top
R510,85.1,-144.5,315.0,top
R511,85.8,-143.8,315.0,top
R512,86.300001,-151.500001,45.0,top
R513,85.6,-150.8,45.0,top
R514,84.495874,-149.132896,135.0,top
R515,85.13227,-147.789393,45.0,top
R516,85.839376,-148.4965,45.0,top
R603,97.4,-122.3,225.0,top
R604,93.390001,-118.45,0.0,top
R605,95.55,-124.85,45.0,top
R606,94.4,-111.9,270.0,top
R607,95.35,-131.3,135.0,top
R608,96.2,-132.95,0.0,top
R609,94.2,-131.5,135.0,top
R610,94.3,-132.95,180.0,top
R611,93.75,-134.05,180.0,top
R612,99.15,-135.15,270.0,top
R701,90.4,-100.8,90.0,bottom
R702,90.716,-87.802,90.0,top
R703,90.4,-98.3,90.0,bottom
R704,104.31,-107.7,180.0,top
R705,104.31,-106.7,180.0,top
R706,89.65,-105.55,0.0,bottom
R707,103.4,-100.5,90.0,bottom
R708,103.2,-87.575,90.0,top
R709,103.5,-97.9,90.0,bottom
R710,115.9,-100.9,90.0,bottom
R711,116.1,-87.4,270.0,top
R712,115.9,-98.290001,90.0,bottom
R713,108.0,-108.19,90.0,top
R714,109.0,-108.19,90.0,top
R715,105.0,-105.4,180.0,bottom
R801,109.0,-139.3,180.0,top
R802,111.5,-132.0,180.0,top
R803,112.4,-143.7,0.0,top
TXLED101,110.639726,-125.236662,270.0,top
U101,104.3,-129.9,45.0,top
U201,101.4,-145.3,180.0,top
U301,100.0,-139.3,90.0,top
U302,95.365001,-139.062501,90.0,top
U303,86.8,-138.7,180.0,top
U501,82.9,-158.3,180.0,top
U502,90.099999,-156.4375,0.0,top
U503,96.9,-156.4,0.0,top
U601,101.854,-115.824,270.0,top
Y101,98.15,-125.75,45.0,top
